Country Code,Indicator Name,2015,2016,2017,2018,2019,2020,2021,2022,2023
PRI,Fertilizer consumption (kilograms per hectare of arable land),76.2778625954198,70.2759223300971,68.0318181818182,68.7318725099602,69.2133466135458,67.5249003984064,67.5249003984064,67.5249003984064,67.5249003984064
PRI,Agricultural land (sq. km),1830.0,1784.0,1738.0,1689.0,1689.0,1689.0,1689.0,1689.0,1689.0
PRI,Agricultural land (% of land area),20.6313416009019,20.1127395715896,19.5941375422773,19.0417136414882,19.0417136414882,19.0417136414882,19.0417136414882,19.0417136414882,19.0417136414882
PRI,Arable land (hectares),52400.0,51500.0,50600.0,50200.0,50200.0,50200.0,50200.0,50200.0,50200.0
PRI,Arable land (hectares per person),0.0150868125135321,0.0151173931625939,0.0152167362446418,0.0157201487840058,0.0157184752202309,0.0152976163449241,0.0153860629853927,0.0153860629853927,0.0153860629853927
PRI,Arable land (% of land area),5.90755355129651,5.80608793686584,5.70462232243517,5.65952649379932,5.65952649379932,5.65952649379932,5.65952649379932,5.65952649379932,5.65952649379932
PRI,Land under cereal production (hectares),102.0,45.0,59.0,68.0,57.0,61.0,62.0,60.0,60.0
PRI,Permanent cropland (% of land area),2.59301014656144,2.36753100338219,2.14205186020293,1.80383314543405,1.80383314543405,1.80383314543405,1.80383314543405,1.80383314543405,1.80383314543405
PRI,Forest area (sq. km),4938.8,4943.7,4948.6,4953.5,4958.4,4963.3,4968.2,4968.2,4968.2
PRI,Forest area (% of land area),55.6798196166855,55.7350620067644,55.7903043968433,55.8455467869222,55.9007891770011,55.95603156708,56.011273957159,56.011273957159,56.011273957159
PRI,Average precipitation in depth (mm per year),2054.0,2054.0,2054.0,2054.0,2054.0,2054.0,2054.0,2054.0,2054.0
PRI,Land area (sq. km),8870.0,8870.0,8870.0,8870.0,8870.0,8870.0,8870.0,8870.0,8870.0
PRI,Cereal production (metric tons),305.99,130.43,170.15,206.15,172.0,180.6,184.11,196.24,196.24
PRI,Crop production index (2014-2016 = 100),101.89,107.22,107.43,105.79,109.01,108.12,107.54,107.53,107.53
PRI,Food production index (2014-2016 = 100),101.53,100.39,100.55,98.51,95.06,95.41,91.37,95.25,95.25
PRI,Livestock production index (2014-2016 = 100),101.36,97.07,97.21,94.97,88.28,89.22,83.5,89.28,89.28
PRI,Surface area (sq. km),8870.0,8870.0,8870.0,8870.0,8870.0,8870.0,8870.0,8870.0,8870.0
PRI,Cereal yield (kg per hectare),3010.5,2885.6,2888.1,3021.0,2995.3,2946.3,2968.8,3277.6,3277.6
PRI,Control of Corruption: Estimate,0.0472254194319248,-0.0095253549516201,0.0972182899713516,0.00130651367362589,-0.023611830547452,-0.0183205660432577,0.3685382604599,0.113632425665855,0.0196014605462551
PRI,Control of Corruption: Number of Sources,4.0,3.0,3.0,2.0,2.0,2.0,2.0,3.0,4.0
PRI,Control of Corruption: Percentile Rank,58.5714302062988,56.6666679382324,58.5714302062988,56.6666679382324,55.238094329834,55.238094329834,63.3333320617676,58.4905662536621,55.1886787414551
PRI,"Control of Corruption: Percentile Rank, Lower Bound of 90% Confidence Interval",44.2857131958008,36.1904754638672,44.2857131958008,38.5714302062988,34.761905670166,37.1428565979004,49.523811340332,39.1509437561035,38.2075462341309
PRI,"Control of Corruption: Percentile Rank, Upper Bound of 90% Confidence Interval",65.7142868041992,65.7142868041992,66.6666641235352,66.1904754638672,66.1904754638672,63.8095245361328,80.0,71.698112487793,65.5660400390625
PRI,Control of Corruption: Standard Error,0.250227451324463,0.29920619726181,0.246264606714249,0.281687945127487,0.284980863332748,0.262995809316635,0.308669447898865,0.307181596755981,0.268930077552795
PRI,Energy intensity level of primary energy (MJ/$2017 PPP GDP),0.47,0.52,0.41,0.56,0.62,0.48,0.68,0.5,0.5
PRI,"Access to electricity, rural (% of rural population)",100.0,100.0,100.0,100.0,100.0,100.0,100.0,100.0,100.0
PRI,"Access to electricity, urban (% of urban population)",100.0,100.0,100.0,100.0,100.0,100.0,100.0,100.0,100.0
PRI,Access to electricity (% of population),100.0,100.0,100.0,100.0,100.0,100.0,100.0,100.0,100.0
PRI,Renewable energy consumption (% of total final energy consumption),1.9,1.9,2.3,1.4,2.4,2.5,2.6,2.5,2.5
PRI,"PM2.5 air pollution, mean annual exposure (micrograms per cubic meter)",6.74532317404656,6.94033673792726,7.12296710513583,6.70118543618258,6.66040483872952,7.18841521712249,7.18841521712249,7.18841521712249,7.18841521712249
PRI,Total greenhouse gas emissions excluding LULUCF (Mt CO2e),14.2154,13.4144,13.9978,16.2028,14.9342,14.9592,15.5175,15.2646,15.2646
PRI,Total greenhouse gas emissions excluding LULUCF per capita (t CO2e/capita),4.09284493520732,3.93768463767571,4.20950258113137,5.0739128828185,4.67615244290781,4.55856777743004,4.75604048557434,4.74039265081691,4.74039265081691
PRI,Methane (CH4) emissions from Agriculture (Mt CO2e),0.7395,0.7303,0.7343,0.7361,0.7349,0.7338,0.7326,0.7315,0.7315
PRI,Methane (CH4) emissions from Building (Energy) (Mt CO2e),0.0025,0.0022,0.0023,0.0024,0.0025,0.0026,0.0025,0.0025,0.0025
PRI,Methane (CH4) emissions from Fugitive Emissions (Energy) (Mt CO2e),0.0015,0.0015,0.0016,0.0017,0.0017,0.0015,0.0016,0.0016,0.0016
PRI,Methane (CH4) emissions from Industrial Combustion (Energy) (Mt CO2e),0.0003,0.0003,0.0001,0.0001,0.0001,0.0001,0.0001,0.0001,0.0001
PRI,Methane (CH4) emissions (total) excluding LULUCF (Mt CO2e),2.4135,2.3979,2.395,2.3881,2.3785,2.3713,2.3638,2.3547,2.3547
PRI,Methane (CH4) emissions from Power Industry (Energy) (Mt CO2e),0.0053,0.0053,0.0064,0.0077,0.0078,0.0081,0.0095,0.0088,0.0088
PRI,Methane (CH4) emissions from Transport (Energy) (Mt CO2e),0.0106,0.0096,0.0091,0.01,0.0086,0.0085,0.0082,0.0085,0.0085
PRI,Methane (CH4) emissions from Waste (Mt CO2e),1.6538,1.6487,1.6412,1.6301,1.6228,1.6167,1.6092,1.6017,1.6017
PRI,Methane (CH4) emissions (total) excluding LULUCF (% change from 1990),-10.091640590076,-10.6727760393384,-10.7808076292654,-11.0378483087468,-11.3954701236776,-11.6636864848756,-11.9430785277902,-12.2820742065266,-12.2820742065266
PRI,Carbon dioxide (CO2) emissions from Building (Energy) (Mt CO2e),0.4488,0.4033,0.4796,0.5169,0.5313,0.5444,0.531,0.5465,0.5465
PRI,Carbon dioxide (CO2) emissions from Fugitive Emissions (Energy) (Mt CO2e),0.0024,0.0024,0.0024,0.0025,0.0028,0.0027,0.0034,0.003,0.003
PRI,Carbon dioxide (CO2) emissions from Industrial Combustion (Energy) (Mt CO2e),0.2993,0.2566,0.1181,0.1161,0.0954,0.1081,0.1044,0.1082,0.1082
PRI,Carbon dioxide (CO2) emissions from Industrial Processes (Mt CO2e),0.2548,0.2217,0.2172,0.286,0.2384,0.2205,0.1674,0.1775,0.1775
PRI,Carbon dioxide (CO2) emissions (total) excluding LULUCF (Mt CO2e),11.4969,10.7149,11.312,13.5137,12.263,12.2967,12.8609,12.6166,12.6166
PRI,Carbon dioxide (CO2) emissions excluding LULUCF per capita (t CO2e/capita),3.31014455700051,3.14526904850247,3.40181265611439,4.23182021160197,3.83975421565122,3.74721511770175,3.9418051284629,3.91806126058309,3.91806126058309
PRI,Carbon dioxide (CO2) emissions from Power Industry (Energy) (Mt CO2e),8.2273,7.7263,8.6557,10.5629,9.6021,9.6791,10.3659,10.0198,10.0198
PRI,Carbon intensity of GDP (kg CO2e per constant 2015 US$ of GDP),0.111214939710086,0.104976871432717,0.114119421628135,0.142548073275152,0.127223589390099,0.133139612924007,0.138713997242747,0.131390875854192,0.131390875854192
PRI,Carbon intensity of GDP (kg CO2e per 2021 PPP $ of GDP),0.0779189829851216,0.0735484915994189,0.0799539099269785,0.0998714824199212,0.0891349015054515,0.0932797631425639,0.0971852668277407,0.0920545697077291,0.0920545697077291
PRI,Carbon dioxide (CO2) emissions from Transport (Energy) (Mt CO2e),2.2643,2.1046,1.8391,2.0292,1.793,1.742,1.6889,1.7614,1.7614
PRI,Carbon dioxide (CO2) emissions (total) excluding LULUCF (% change from 1990),-38.1627779391358,-42.3688428480761,-39.1572810103161,-27.3152182097869,-34.0422327642775,-33.8609739568206,-30.8263680468153,-32.1403599358871,-32.1403599358871
PRI,Nitrous oxide (N2O) emissions from Agriculture (Mt CO2e),0.1742,0.1729,0.1735,0.1746,0.1747,0.1748,0.1749,0.1751,0.1751
PRI,Nitrous oxide (N2O) emissions from Building (Energy) (Mt CO2e),0.005,0.0049,0.0012,0.0012,0.0012,0.0013,0.0012,0.0013,0.0013
PRI,Nitrous oxide (N2O) emissions from Fugitive Emissions (Energy) (Mt CO2e),0.0,0.0,0.0,0.0,0.0,0.0,0.0,0.0,0.0
PRI,Nitrous oxide (N2O) emissions from Industrial Combustion (Energy) (Mt CO2e),0.0006,0.0005,0.0002,0.0002,0.0002,0.0002,0.0002,0.0002,0.0002
PRI,Nitrous oxide (N2O) emissions from Industrial Processes (Mt CO2e),0.0465,0.0432,0.04,0.0483,0.045,0.0454,0.0476,0.0471,0.0471
PRI,Nitrous oxide (N2O) emissions (total) excluding LULUCF (Mt CO2e),0.305,0.3015,0.2907,0.3009,0.2927,0.2912,0.2928,0.2933,0.2933
PRI,Nitrous oxide (N2O) emissions from Power Industry (Energy) (Mt CO2e),0.0177,0.017,0.0173,0.0185,0.0157,0.0144,0.0141,0.0141,0.0141
PRI,Nitrous oxide (N2O) emissions from Transport (Energy) (Mt CO2e),0.0248,0.0262,0.0211,0.0208,0.019,0.0182,0.0176,0.0184,0.0184
PRI,Nitrous oxide (N2O) emissions from Waste (Mt CO2e),0.0361,0.0369,0.0374,0.0373,0.0369,0.0369,0.037,0.0372,0.0372
PRI,Nitrous oxide (N2O) emissions (total) excluding LULUCF (% change from 1990),-29.7720469721391,-30.5779415150817,-33.0647018190191,-30.7160948653005,-32.6041906516233,-32.9495740271702,-32.5811650932535,-32.4660373014046,-32.4660373014046
PRI,Total greenhouse gas emissions excluding LULUCF (% change from 1990),-34.5244346183962,-38.2138086684169,-35.5266915388513,-25.3705494910414,-31.2136704896136,-31.0985214868039,-28.5270139560591,-29.6918612684814,-29.6918612684814
PRI,Population density (people per sq. km of land area),391.570687711387,384.066741826381,374.891319052988,360.017361894025,360.055693348365,369.961330326945,367.834611048478,367.834611048478,367.834611048478
PRI,Population in largest city,2463243.0,2460271.0,2457302.0,2454337.0,2451375.0,2448417.0,2445462.0,2442512.0,2439564.0
PRI,Population in the largest city (% of urban population),75.7506275795495,77.1556110568747,78.9612584691368,82.1321785095558,82.0260857257295,79.7292597578441,80.084031411898,81.0295294372116,81.2749927788922
PRI,Population in urban agglomerations of more than 1 million,2463243.0,2460271.0,2457302.0,2454337.0,2451375.0,2448417.0,2445462.0,2442512.0,2439564.0
PRI,Population in urban agglomerations of more than 1 million (% of total population),70.9207735043326,72.2191922204427,73.8974632557921,76.8576549922119,76.7567274760826,74.6114420685059,74.9522556979771,75.8517480597731,76.1010340672261
PRI,Aquaculture production (metric tons),20.0,16.0,16.0,16.0,16.0,11.0,11.0,11.0,11.0
PRI,Capture fisheries production (metric tons),1825.85,1851.46,1555.66,1640.93,1515.3,1579.69,1580.0,1581.29,1581.29
PRI,Total fisheries production (metric tons),1845.85,1867.46,1571.66,1656.93,1531.3,1590.69,1591.0,1592.29,1592.29
PRI,"Water productivity, total (constant 2015 US$ GDP per cubic meter of total freshwater withdrawal)",118.143428571429,116.650456742261,113.284836319331,108.344000845367,110.159265353567,105.553644929048,105.553644929048,105.553644929048,105.553644929048
PRI,"Annual freshwater withdrawals, agriculture (% of total freshwater withdrawal)",3.4661780424,3.4661780424,3.4661780424,3.4661780424,3.4661780424,3.4661780424,3.4661780424,3.4661780424,3.4661780424
PRI,"Annual freshwater withdrawals, domestic (% of total freshwater withdrawal)",24.3090548175,24.3090548175,24.3090548175,24.3090548175,24.3090548175,24.3090548175,24.3090548175,24.3090548175,24.3090548175
PRI,"Annual freshwater withdrawals, industry (% of total freshwater withdrawal)",72.22476714,72.22476714,72.22476714,72.22476714,72.22476714,72.22476714,72.22476714,72.22476714,72.22476714
PRI,Level of water stress: freshwater withdrawal as a proportion of available freshwater resources,19.5356106274,19.5356106274,19.5356106274,19.5356106274,19.5356106274,19.5356106274,19.5356106274,19.5356106274,19.5356106274
PRI,"Annual freshwater withdrawals, total (billion cubic meters)",0.875,0.875,0.875,0.875,0.875,0.875,0.875,0.875,0.875
PRI,"Annual freshwater withdrawals, total (% of internal resources)",12.3239436619718,12.3239436619718,12.3239436619718,12.3239436619718,12.3239436619718,12.3239436619718,12.3239436619718,12.3239436619718,12.3239436619718
PRI,"Renewable internal freshwater resources, total (billion cubic meters)",7.1,7.1,7.1,7.1,7.1,7.1,7.1,7.1,7.1
PRI,Renewable internal freshwater resources per capita (cubic meters),2044.20551232973,2084.1454651343,2135.15469045369,2223.36765670201,2223.13095744301,2163.60709260878,2163.60709260878,2163.60709260878,2163.60709260878
PRI,Terrestrial protected areas (% of total land area),7.44,7.44,7.26916490580618,7.26916490580618,7.269165,7.181382,7.375490189,7.3754902,7.3754902
PRI,Marine protected areas (% of territorial waters),1.746109145,1.746109145,1.74720503989319,1.74720503989319,1.747204,1.813428,1.817150354,1.8171504,1.8171504
PRI,Terrestrial and marine protected areas (% of total territorial area),2.02425214978926,2.02425214978926,2.01677151753314,2.01677151753314,2.01677085703581,2.07547643764457,2.08849273335451,2.08849273335451,2.08849273335451
PRI,Government Effectiveness: Estimate,0.323779463768005,0.355337202548981,-0.133816838264465,-0.193061426281929,-0.200148731470108,-0.298273265361786,-0.301792591810226,-0.482422739267349,-0.389062345027924
PRI,Government Effectiveness: Number of Sources,4.0,3.0,3.0,2.0,2.0,2.0,2.0,3.0,4.0
PRI,Government Effectiveness: Percentile Rank,66.6666641235352,66.1904754638672,48.5714302062988,45.7142868041992,43.3333320617676,40.0,39.0476188659668,33.4905662536621,35.8490562438965
PRI,"Government Effectiveness: Percentile Rank, Lower Bound of 90% Confidence Interval",47.6190490722656,46.6666679382324,30.4761905670166,22.8571434020996,25.238094329834,17.1428565979004,16.1904754638672,12.7358493804932,16.5094337463379
PRI,"Government Effectiveness: Percentile Rank, Upper Bound of 90% Confidence Interval",74.2857131958008,76.6666641235352,64.7619018554688,66.1904754638672,64.7619018554688,61.9047622680664,61.4285697937012,57.0754699707031,56.6037750244141
PRI,Government Effectiveness: Standard Error,0.287463307380676,0.310592591762543,0.286626487970352,0.330526649951935,0.328045010566711,0.356915891170502,0.362242460250854,0.350957900285721,0.320544570684433
PRI,Ease of doing business score (0 = lowest performance to 100 = best performance),68.67446,69.28139,69.82224,70.01875,70.06962,70.06962,70.06962,70.06962,70.06962
PRI,Business extent of disclosure index (0=less disclosure to 10=more disclosure),7.0,7.0,7.0,7.0,7.0,7.0,7.0,7.0,7.0
PRI,"New business density (new registrations per 1,000 people ages 15-64)",2.11963724287668,2.50447984105285,2.67840423884172,4.09265022396844,5.01410944824453,5.31195545117054,5.31195545117054,5.31195545117054,5.31195545117054
PRI,New businesses registered (number),4811.0,5564.0,5793.0,8477.0,10352.0,11218.0,11218.0,11218.0,11218.0
PRI,Depth of credit information index (0=low to 8=high),7.0,7.0,7.0,7.0,7.0,7.0,7.0,7.0,7.0
PRI,Private credit bureau coverage (% of adults),100.0,100.0,100.0,100.0,100.0,100.0,100.0,100.0,100.0
PRI,Public credit registry coverage (% of adults),0.0,0.0,0.0,0.0,0.0,0.0,0.0,0.0,0.0
PRI,Time required to get electricity (days),32.0,32.0,32.0,32.0,32.0,32.0,32.0,32.0,32.0
PRI,"Cost to export, border compliance (US$)",385.7143,385.7143,385.7143,385.7143,385.7143,385.7143,385.7143,385.7143,385.7143
PRI,"Cost to export, documentary compliance (US$)",75.0,75.0,75.0,75.0,75.0,75.0,75.0,75.0,75.0
PRI,"Time to export, border compliance (hours)",48.0,48.0,48.0,48.0,48.0,48.0,48.0,48.0,48.0
PRI,"Time to export, documentary compliance (hours)",1.714286,1.714286,1.714286,1.714286,1.714286,1.714286,1.714286,1.714286,1.714286
PRI,"Cost to import, border compliance (US$)",385.7143,385.7143,385.7143,385.7143,385.7143,385.7143,385.7143,385.7143,385.7143
PRI,"Cost to import, documentary compliance (US$)",75.0,75.0,75.0,75.0,75.0,75.0,75.0,75.0,75.0
PRI,"Time to import, border compliance (hours)",48.0,48.0,48.0,48.0,48.0,48.0,48.0,48.0,48.0
PRI,"Time to import, documentary compliance (hours)",1.714286,1.714286,1.714286,1.714286,1.714286,1.714286,1.714286,1.714286,1.714286
PRI,Time to resolve insolvency (years),2.5,2.5,2.5,2.5,2.5,2.5,2.5,2.5,2.5
PRI,Strength of legal rights index (0=weak to 12=strong),11.0,11.0,12.0,12.0,12.0,12.0,12.0,12.0,12.0
PRI,Time required to enforce a contract (days),630.0,630.0,630.0,630.0,630.0,630.0,630.0,630.0,630.0
PRI,Time required to register property (days),193.5,191.0,191.0,191.0,190.0,190.0,190.0,190.0,190.0
PRI,Procedures to register property (number),8.0,8.0,8.0,8.0,8.0,8.0,8.0,8.0,8.0
PRI,"Cost of business start-up procedures, female (% of GNI per capita)",1.3,1.3,0.8,1.3,1.2,1.2,1.2,1.2,1.2
PRI,"Cost of business start-up procedures, male (% of GNI per capita)",1.3,1.3,0.8,1.3,1.2,1.2,1.2,1.2,1.2
PRI,Cost of business start-up procedures (% of GNI per capita),1.3,1.3,0.8,1.3,1.2,1.2,1.2,1.2,1.2
PRI,Time required to start a business (days),6.0,5.5,5.5,5.5,5.5,5.5,5.5,5.5,5.5
PRI,"Time required to start a business, female (days)",6.0,5.5,5.5,5.5,5.5,5.5,5.5,5.5,5.5
PRI,"Time required to start a business, male (days)",6.0,5.5,5.5,5.5,5.5,5.5,5.5,5.5,5.5
PRI,Start-up procedures to register a business (number),6.0,6.0,6.0,6.0,6.0,6.0,6.0,6.0,6.0
PRI,"Start-up procedures to register a business, female (number)",6.0,6.0,6.0,6.0,6.0,6.0,6.0,6.0,6.0
PRI,"Start-up procedures to register a business, male (number)",6.0,6.0,6.0,6.0,6.0,6.0,6.0,6.0,6.0
PRI,Time to prepare and pay taxes (hours),218.0,218.0,218.0,218.0,218.0,218.0,218.0,218.0,218.0
PRI,Labor tax and contributions (% of commercial profits),13.5,13.4,13.4,13.4,13.4,13.4,13.4,13.4,13.4
PRI,Other taxes payable by businesses (% of commercial profits),26.4,20.2,20.2,20.2,20.2,20.2,20.2,20.2,20.2
PRI,Tax payments (number),16.0,16.0,16.0,16.0,16.0,16.0,16.0,16.0,16.0
PRI,Profit tax (% of commercial profits),27.1,30.8,30.8,30.8,30.8,30.8,30.8,30.8,30.8
PRI,Total tax and contribution rate (% of profit),67.0,64.4,64.4,64.4,64.4,64.4,64.4,64.4,64.4
PRI,Time required to build a warehouse (days),165.0,165.0,165.0,165.0,165.0,165.0,165.0,165.0,165.0
PRI,Procedures to build a warehouse (number),22.0,22.0,22.0,22.0,22.0,22.0,22.0,22.0,22.0
PRI,Scientific and technical journal articles,586.23,596.93,566.52,549.24,561.8,584.6,584.6,584.6,584.6
PRI,Statistical performance indicators (SPI): Pillar 1 data use score (scale 0-100),60.0,60.0,60.0,60.0,60.0,60.0,40.0,40.0,40.0
PRI,Statistical performance indicators (SPI): Pillar 3 data products score  (scale 0-100),22.21875,22.21875,22.88125,22.1875,22.225,28.49375,35.38125,33.9125,32.45
PRI,Liner shipping connectivity index (maximum value in 2004 = 100),10.3940867075,12.50867481,12.8138476281,12.4905013643,13.9351673636,13.0729219083,12.7838867846,12.7838867846,12.7838867846
PRI,Container port traffic (TEU: 20 foot equivalent units),1210503.0,1210500.0,1319572.0,1447616.0,1451950.0,1490218.0,1490218.0,1490218.0,1490218.0
PRI,Mobile cellular subscriptions,3200000.0,3250000.0,3390000.0,3330000.0,3370000.0,3490000.0,3660000.0,3900000.0,4040000.0
PRI,Mobile cellular subscriptions (per 100 people),91.64100665,94.73994535,100.6830426,100.3319104,102.4016319,106.8204687,112.4430134,119.7930948,119.7930948
PRI,Fixed telephone subscriptions,813106.0,813546.0,783739.0,703266.0,686901.0,714199.0,726739.0,739111.0,758051.0
PRI,Fixed telephone subscriptions (per 100 people),23.1,23.4,23.2,21.4,20.9,21.8,22.3,22.8,23.4
PRI,Fixed broadband subscriptions,704000.0,687000.0,660000.0,609000.0,610000.0,670000.0,769000.0,722000.0,751000.0
PRI,Fixed broadband subscriptions (per 100 people),20.0014,19.7598,19.576,18.5111,18.5504,20.4383,23.6441,22.2824,23.1596
PRI,Secure Internet servers,1106.0,1430.0,941.0,1229.0,1347.0,1460.0,1613.0,1619.0,1489.0
PRI,Secure Internet servers (per 1 million people),318.43539389249,419.764509174937,282.983177988299,384.861809871377,421.768647841653,444.910754254764,494.376884371285,502.777387004742,464.486439897046
PRI,"Individuals using the Internet, female (% of female population)",64.2482,69.6833,69.7346,71.6556,78.1409,81.9759,85.8109,87.6573,87.6573
PRI,"Individuals using the Internet, male (% of male population)",62.6093,67.4993,67.645,69.9744,77.2887,80.46695,83.6452,86.8838,86.8838
PRI,Individuals using the Internet (% of population),63.4663,68.6438,68.7408,70.8564,77.7364,81.26155,84.7867,87.2918,87.2918
PRI,General government final consumption expenditure (current US$),9100300000.0,8603700000.0,9057500000.0,8052600000.0,8381200000.0,7713000000.0,7825400000.0,7977800000.0,8398200000.0
PRI,General government final consumption expenditure (current LCU),9100300000.0,8603700000.0,9057500000.0,8052600000.0,8381200000.0,7713000000.0,7825400000.0,7977800000.0,8398200000.0
PRI,General government final consumption expenditure (constant 2015 US$),9100300000.0,8659361422.12411,9007219596.55123,8807037062.2111,9400921858.57438,9301178648.46849,9577535957.42588,9537956896.98506,9565900906.99479
PRI,General government final consumption expenditure (annual % growth),-12.9080457582275,-4.84531914196108,4.01713426048209,-2.22246756831356,6.7432984801608,-1.06099392811052,2.9712074071698,-0.413248883812685,0.292976895487527
PRI,General government final consumption expenditure (constant LCU),9151100000.0,8707700000.0,9057500000.0,8856200000.0,9453400000.0,9353100000.0,9631000000.0,9591200000.0,9619300000.0
PRI,General government final consumption expenditure (% of GDP),8.80314968246828,8.24609173953173,8.75581828112388,7.97618021733769,7.97249786923171,7.47884484669483,7.35286103286208,7.02473953747209,7.12301626007296
PRI,Households and NPISHs Final consumption expenditure (current US$),61640500000.0,60979400000.0,62453800000.0,65157100000.0,68758800000.0,65469600000.0,79852500000.0,88639800000.0,94265600000.0
PRI,Households and NPISHs Final consumption expenditure (current LCU),61640500000.0,60979400000.0,62453800000.0,65157100000.0,68758800000.0,65469600000.0,79852500000.0,88639800000.0,94265600000.0
PRI,Households and NPISHs final consumption expenditure: linked series (current LCU),61640500000.0,60979400000.0,62453800000.0,65157099999.9999,68758800000.0,65469600000.0002,79852500000.0003,88639800000.0001,94265600000.0
PRI,Households and NPISHs Final consumption expenditure (constant 2015 US$),61640500000.0,60958657150.6582,62012053217.1599,63660311743.3102,66470393945.0319,63147663624.6045,77166598852.9243,82262200015.7862,78073256181.3588
PRI,Households and NPISHs Final consumption expenditure (annual % growth),-1.19716449313883,-1.10616047783813,1.72804998623619,2.65796476755618,4.41418228212957,-4.9988124384746,22.200243720272,6.60337664042163,3.21539876545296
PRI,Households and NPISHs Final consumption expenditure (constant LCU),62079600000.0,61392900000.0,62453800000.0,64113800000.0,66943900000.0,63597500000.0,77716300000.0,82848200000.0,85512100000.0
PRI,Households and NPISHs Final consumption expenditure per capita (constant 2015 US$),17747.3028003888,17893.90265651,18648.6375058145,19935.2504430483,20813.012751075,19243.2018168828,23651.1982135384,25546.3705825809,24354.5794592675
PRI,Households and NPISHs Final consumption expenditure per capita growth (annual %),0.556362016554161,0.826040203235664,4.21783254213662,6.8992329162529,4.4030663699677,-7.54244929826959,22.9067721609004,8.01300784819266,-4.66520721392013
PRI,"Households and NPISHs Final consumption expenditure, PPP (current international $)",60299906015.6525,59227847521.0726,59522534731.9093,64228303356.4348,70498752648.6839,69828664532.9504,89028458058.9871,89028458058.9871,89028458058.9871
PRI,"Households and NPISHs Final consumption expenditure, PPP (constant 2021 international $)",71115725593.1985,70329071543.1588,71544393054.2803,73446017814.825,76688058920.1368,72854566692.0123,89028458058.9871,94907342461.7818,97958991979.6222
PRI,Households and NPISHs final consumption expenditure (% of GDP),59.6277647992029,58.4448233459559,60.3736266923162,64.5387541960477,65.4058352611713,63.4820407850605,75.0305844591484,78.050528673772,79.9522994886444
PRI,Final consumption expenditure (current US$),70740800000.0,69583100000.0,71511300000.0,73209700000.0,77140000000.0,73182600000.0,87677900000.0,96617600000.0,102663800000.0
PRI,Final consumption expenditure (current LCU),70740800000.0,69583100000.0,71511300000.0,73209700000.0,77140000000.0,73182600000.0,87677900000.0,96617600000.0,102663800000.0
PRI,Final consumption expenditure (constant 2015 US$),70740800000.0,69618472435.0596,71019470130.7161,72468137699.0539,75871865920.7336,72448871125.5119,86746555626.1555,91803633931.9984,94477119291.5414
PRI,Final consumption expenditure (annual % growth),-2.87499727294544,-1.5865350193105,2.01239361717302,2.03981748339072,4.69686172399616,-4.51154687403874,19.7348616735161,5.82971654533111,2.91217814048987
PRI,Final consumption expenditure (constant LCU),71230700000.0,70100600000.0,71511300000.0,72970000000.0,76397300000.0,72950600000.0,87347300000.0,92439400000.0,95131400000.0
PRI,Final consumption expenditure (% of GDP),68.4309144816712,66.6909150854877,69.1294449734401,72.5149344133854,73.378333130403,70.9608856317554,82.3834454920105,85.0752682112441,87.0753157487174
PRI,Gross national expenditure deflator (base year varies by country),95.9978010690855,99.9619417644926,100.000125669346,110.753399852642,104.351702789149,120.144222830821,104.466419922417,107.752325467823,118.900794946751
PRI,Gross national expenditure (current US$),79629600000.0,78008600000.0,79574000000.0,88688000000.0,93275500000.0,84404200000.0,99776400000.0,112526400000.0,119417300000.0
PRI,Gross national expenditure (current LCU),79629600000.0,78008600000.0,79574000000.0,88688000000.0,93275500000.0,84404200000.0,99776400000.0,112526400000.0,119417300000.0
PRI,Gross national expenditure (constant 2015 US$),79629600000.0,75639330359.5734,77135066475.0205,77858897902.8308,85723751361.9515,70402248192.934,92938458495.9278,100899129043.231,98499519933.2508
PRI,Gross national expenditure (constant LCU),82949400000.0,78038300000.0,79573900000.0,80077000000.0,89385700000.0,70252400000.0,95510500000.0,104430600000.0,100434400000.0
PRI,Gross national expenditure (% of GDP),77.0294702323084,74.7662136141933,76.9235974498649,87.8463441764455,88.7269991172531,81.8418146258784,93.7513741865286,99.0835382046929,101.284962210237
PRI,Exports of goods and services (current US$),69463100000.0,71740000000.0,71091600000.0,60528300000.0,63684400000.0,62237400000.0,57910200000.0,59714500000.0,63579200000.0
PRI,Exports of goods and services (current LCU),69463100000.0,71740000000.0,71091600000.0,60528300000.0,63684400000.0,62237400000.0,57910200000.0,59714500000.0,63579200000.0
PRI,Exports of goods and services (% of GDP),67.1949349700848,68.7581646726416,68.7237240865963,59.9538818579193,60.5788840862048,60.3479655466984,54.4132763801531,52.5807627554435,53.9253263083078
PRI,"Gross fixed capital formation, private sector (current LCU)",8045900000.0,7697500000.0,7708900000.0,15214700000.0,15579900000.0,10153900000.0,12730000000.0,14347500000.0,15430600000.0
PRI,"Gross fixed capital formation, private sector (% of GDP)",7.78317879961887,7.37755746539808,7.45213663233297,15.0703113469845,14.8201593510289,9.84564277049846,11.9612953904381,12.6334892468952,13.0876157632209
PRI,Gross fixed capital formation (current US$),8804300000.0,8304300000.0,8256100000.0,15620300000.0,16095500000.0,10706500000.0,13300000000.0,14979700000.0,16183000000.0
PRI,Gross fixed capital formation (current LCU),8804300000.0,8304300000.0,8256100000.0,15620300000.0,16095500000.0,10706500000.0,13300000000.0,14979700000.0,16183000000.0
PRI,Gross fixed capital formation (constant 2015 US$),8804300000.0,8289579475.86981,8158157264.87093,15077882521.8855,15318790304.1526,10047178624.018,12025033492.7048,12714456625.1403,13068308457.9125
PRI,Gross fixed capital formation (annual % growth),-3.62045279998269,-5.84624017957351,-1.58539056633012,84.8197090636015,1.59775606367431,-34.4127152044482,19.6856743838392,5.73323253406085,2.78306689152956
PRI,Gross fixed capital formation (constant LCU),8910000000.0,8389100000.0,8256100000.0,15258900000.0,15502700000.0,10167800000.0,12169400000.0,12867100000.0,13225200000.0
PRI,Gross fixed capital formation (% of GDP),8.51681491262436,7.95913614289123,7.98111082647384,15.4720621723269,15.3106165530257,10.3814666603317,12.4968757810547,13.1901640614544,13.7257712529781
PRI,Changes in inventories (current US$),84500000.0,121200000.0,-193500000.0,-142100000.0,40000000.0,515200000.0,-1201500000.0,929000000.0,570500000.0
PRI,Changes in inventories (current LCU),84500000.0,121200000.0,-193500000.0,-142100000.0,40000000.0,515200000.0,-1201500000.0,929000000.0,570500000.0
PRI,Changes in inventories (constant LCU),2808700000.0,-451400000.0,-193500000.0,-8151900000.0,-2514300000.0,-12866000000.0,-4006200000.0,-875900000.0,-7922200000.0
PRI,Gross capital formation (current US$),8888800000.0,8425500000.0,8062700000.0,15478300000.0,16135500000.0,11221600000.0,12098500000.0,15908800000.0,16753500000.0
PRI,Gross capital formation (current LCU),8888800000.0,8425500000.0,8062700000.0,15478300000.0,16135500000.0,11221600000.0,12098500000.0,15908800000.0,16753500000.0
PRI,Gross capital formation (constant 2015 US$),8888800000.0,6020857924.51381,6115596344.3044,5390760203.77687,9851885441.21788,-2046622932.57785,6191902869.77225,9095495111.23248,4022400641.70941
PRI,Gross capital formation (annual % growth),-22.3803783382789,-32.2646709959296,1.57350365975032,-11.8522560960484,82.7550302518644,-120.7739213452,-402.542435697873,46.8933751470012,-55.7759023283741
PRI,Gross capital formation (constant LCU),11718700000.0,7937700000.0,8062600000.0,7107000000.0,12988400000.0,-2698200000.0,8163200000.0,11991200000.0,5303000000.0
PRI,Gross capital formation (% of GDP),8.59855575063724,8.07529852870562,7.79415247642478,15.3314097630601,15.3486659868501,10.880928994123,11.3679286945181,14.0082699934488,14.2096464615194
PRI,Imports of goods and services (current US$),43092800000.0,43316300000.0,45938000000.0,46488400000.0,49401600000.0,44513200000.0,45051300000.0,52150000000.0,56359200000.0
PRI,Imports of goods and services (current LCU),43092800000.0,43316300000.0,45938000000.0,46488400000.0,49401600000.0,44513200000.0,45051300000.0,52150000000.0,56359200000.0
PRI,Imports of goods and services (% of GDP),41.6856992227365,41.5158807974567,44.407924945986,46.0472215701365,46.9925727505175,43.1618457707632,42.330864652258,45.9199487175875,47.8016120126579
PRI,External balance on goods and services (current US$),26370300000.0,28423700000.0,25153600000.0,14039900000.0,14282800000.0,17724200000.0,12858900000.0,7564500000.0,7220000000.0
PRI,External balance on goods and services (current LCU),26370300000.0,28423700000.0,25153600000.0,14039900000.0,14282800000.0,17724200000.0,12858900000.0,7564500000.0,7220000000.0
PRI,External balance on goods and services (% of GDP),25.5092357473483,27.2422838751849,24.3157991406103,13.9066602877828,13.5863113356873,17.1861197759352,12.0824117278951,6.660814037856,6.12371429564987
PRI,Trade (% of GDP),108.880634192821,110.274045470098,113.131649032582,106.001103428056,107.571456836722,103.509811317462,96.7441410324111,98.5007114730309,101.726938320966
PRI,"Agriculture, forestry, and fishing, value added (current US$)",854900000.0,840600000.0,846883702.690049,714700000.0,717300000.0,681700000.0,716300000.0,756700000.0,817800000.0
PRI,"Agriculture, forestry, and fishing, value added (current LCU)",854900000.0,840600000.0,846883702.690049,714700000.0,717300000.0,681700000.0,716300000.0,756700000.0,817800000.0
PRI,"Agriculture, forestry, and fishing, value added (% of GDP)",0.826985117363399,0.805660903593846,0.818676213745449,0.70791744297882,0.682321472056496,0.66100460676674,0.673046024208234,0.666301537767947,0.693625145565439
PRI,"Manufacturing, value added (current US$)",49519600000.0,50543700000.0,48966063360.9167,47891800000.0,50084000000.0,49265100000.0,50571900000.0,52392300000.0,53768700000.0
PRI,"Manufacturing, value added (current LCU)",49519600000.0,50543700000.0,48966063360.9167,47891800000.0,50084000000.0,49265100000.0,50571900000.0,52392300000.0,53768700000.0
PRI,"Manufacturing, value added (% of GDP)",47.9026461782531,48.4428777218371,47.3351314082456,47.4373031980594,47.6416960915622,47.7694851882413,47.5181016775881,46.1333025732782,45.6044538571343
PRI,"Industry (including construction), value added (current US$)",52657700000.0,53369800000.0,51960115573.0384,51141100000.0,53450900000.0,51892300000.0,53724600000.0,56117600000.0,57844700000.0
PRI,"Industry (including construction), value added (current LCU)",52657700000.0,53369800000.0,51960115573.0384,51141100000.0,53450900000.0,51892300000.0,53724600000.0,56117600000.0,57844700000.0
PRI,"Industry (including construction), value added (% of GDP)",50.9382784121963,51.1515123633391,50.2294595444349,50.6557670954584,50.8444120601485,50.3169273224611,50.4804250065303,49.4135630710275,49.0615535065898
PRI,Chemicals (% of value added in manufacturing),40.3324216845942,40.3324216845942,39.335737592377,38.5373090969455,38.2479946915042,37.8133729927447,29.0762416631555,29.0762416631555,29.0762416631555
PRI,"Food, beverages and tobacco (% of value added in manufacturing)",4.99472169906022,4.99472169906022,3.49155822757381,3.50618359893758,2.22868080248644,2.275659706172,2.5672856570307,2.5672856570307,2.5672856570307
PRI,Machinery and transport equipment (% of value added in manufacturing),0.0,0.0,0.0,0.0,0.0,0.0,0.0,0.0,0.0
PRI,Other manufacturing (% of value added in manufacturing),46.4118546335785,46.4118546335785,49.7432294677784,51.2269671314741,52.3828732435272,53.0285186003979,60.4429189489153,60.4429189489153,60.4429189489153
PRI,Textiles and clothing (% of value added in manufacturing),8.26100198276709,8.26100198276709,7.42947471227082,6.72954017264276,7.14045126248213,6.88244870068533,7.91355373089848,7.91355373089848,7.91355373089848
PRI,"Services, value added (current US$)",49492000000.0,50444100000.0,50110072513.9404,49559800000.0,50233100000.0,51132200000.0,52266200000.0,56260100000.0,59604800000.0
PRI,"Services, value added (current LCU)",49492000000.0,50444100000.0,50110072513.9404,49559800000.0,50233100000.0,51132200000.0,52266200000.0,56260100000.0,59604800000.0
PRI,"Services, value added (% of GDP)",47.8759473956595,48.3474175433956,48.4410365979578,49.0894737519823,47.7835253561427,49.5799028225294,49.1100908983281,49.5390394409653,50.5543997021263
PRI,Adjusted savings: education expenditure (current US$),6003137885.67323,6036188695.10098,5955485035.44142,5830561255.7568,6103454682.24268,6081340309.75501,6346307406.94441,6346307406.94441,6346307406.94441
PRI,Adjusted savings: education expenditure (% of GNI),8.62495026820096,8.62495026820096,8.62495026820096,8.62495026820096,8.62495026820096,8.62495026820096,8.62495026820096,8.62495026820096,8.62495026820096
PRI,Adjusted savings: carbon dioxide damage (current US$),145173466.112564,162895956.131686,46788988.0548708,48908454.6135929,50724476.3089655,50910885.5050088,56908502.8526614,56908502.8526614,56908502.8526614
PRI,Adjusted savings: carbon dioxide damage (% of GNI),0.208576572674009,0.232757720391863,0.06776151609334,0.0723486076611074,0.0716800743713575,0.0722051115748961,0.0773415114441015,0.0773415114441015,0.0773415114441015
PRI,Adjusted savings: consumption of fixed capital (current US$),13134333172.5548,13345476669.6746,12883617365.3684,12530271898.0898,13154231611.2039,13693173418.2128,14087979671.492,14087979671.492,14087979671.492
PRI,Adjusted savings: consumption of fixed capital (% of GNI),18.8706260920014,19.0689984020544,18.6585237624724,18.5356035598382,18.588586197439,19.4205444409169,19.1462714070682,19.1462714070682,19.1462714070682
PRI,Adjusted savings: mineral depletion (current US$),0.0,0.0,0.0,0.0,0.0,0.0,0.0,0.0,0.0
PRI,Adjusted savings: mineral depletion (% of GNI),0.0,0.0,0.0,0.0,0.0,0.0,0.0,0.0,0.0
PRI,Adjusted savings: energy depletion (current US$),0.0,0.0,0.0,0.0,0.0,0.0,0.0,0.0,0.0
PRI,Adjusted savings: energy depletion (% of GNI),0.0,0.0,0.0,0.0,0.0,0.0,0.0,0.0,0.0
PRI,Adjusted savings: particulate emission damage (current US$),37396556.9392397,39274990.6606181,39691427.7757043,40238014.6348853,40796157.4030648,42828856.190352,43474356.1547204,43474356.1547204,43474356.1547204
PRI,Adjusted savings: particulate emission damage (% of GNI),0.0537291413166858,0.0561189946740427,0.0574825708740894,0.0595227217232933,0.0576501091683115,0.0607426547225406,0.059083831862008,0.059083831862008,0.059083831862008
PRI,Coal rents (% of GDP),0.0,0.0,0.0,0.0,0.0,0.0,0.0,0.0,0.0
PRI,"Inflation, GDP deflator (annual %)",1.97754447018805,2.22158248433406,2.09140216242223,2.04611568543814,2.41285225696176,2.38228345642378,2.79963990475235,3.03307902175796,3.23545943820875
PRI,"Inflation, GDP deflator: linked series (annual %)",1.97754447018805,2.22158248433406,2.09140216242223,2.04611568543814,2.41285225696176,2.38228345642378,2.79963990475235,3.03307902175796,3.23545943820875
PRI,GDP deflator (base year varies by country),95.8226619615302,97.9514414356902,100.0,102.046115685438,104.508337690896,106.99802253029,109.993581866344,113.329774123212,116.996512996382
PRI,GDP deflator: linked series (base year varies by country),95.8226619615302,97.9514414356902,100.0,102.046115685438,104.508337690896,106.99802253029,109.993581866344,113.329774123212,116.996512996382
PRI,Discrepancy in expenditure estimate of GDP (current LCU),-2624400000.0,-2095600000.0,-1282100000.0,-1769800000.0,-2431900000.0,1002500000.0,-6208700000.0,-6523700000.0,-8735000000.0
PRI,Gross value added at basic prices (GVA) (current US$),103004600000.0,104654500000.0,102917071789.669,101415600000.0,104401300000.0,103706200000.0,106707100000.0,113134400000.0,118267300000.0
PRI,Gross value added at basic prices (GVA) (current LCU),103004600000.0,104654500000.0,102917071789.669,101415600000.0,104401300000.0,103706200000.0,106707100000.0,113134400000.0,118267300000.0
PRI,Forest rents (% of GDP),0.0,0.0,0.0,0.0,0.0,0.0,0.0,0.0,0.0
PRI,Mineral rents (% of GDP),0.0,0.0,0.0,0.0,0.0,0.0,0.0,0.0,0.0
PRI,GDP (current US$),103375500000.0,104336700000.0,103445500000.0,100958100000.0,105126400000.0,103130900000.0,106426600000.0,113567200000.0,117902300000.0
PRI,GDP (current LCU),103375500000.0,104336700000.0,103445500000.0,100958100000.0,105126400000.0,103130900000.0,106426600000.0,113567200000.0,117902300000.0
PRI,GDP: linked series (current LCU),103375500000.0,104336700000.0,103445500000.0,100958100000.0,105126400000.0,103130900000.0,106426600000.0,113567200000.0,117902300000.0
PRI,GDP (constant 2015 US$),103375500000.0,102069149649.478,99124231779.4147,94801000739.6964,96389357184.3707,92359439312.9166,92715228856.7798,96023410438.3396,96564521010.4364
PRI,GDP growth (annual %),-1.04929003238674,-1.26369434781117,-2.88521838398481,-4.36142703162535,1.67546379498209,-4.1808743093346,0.385222719529239,3.56811024720668,0.563519426800866
PRI,GDP (constant LCU),107882100000.0,106518800000.0,103445500000.0,98933800000.0,100591400000.0,96385800000.0,96757100000.0,100209500000.0,100774200000.0
PRI,"GDP, PPP (current international $)",114269131890.728,112229482734.795,108691833112.613,110917943635.114,119615939334.496,120954841139.023,132333844622.722,146705786817.978,152910055132.19
PRI,"GDP, PPP (constant 2021 international $)",147549410420.248,145684836860.538,141481511164.76,135310898292.068,137577983403.616,131826020840.194,132333844622.722,137055662093.228,137827997374.654
PRI,Natural gas rents (% of GDP),0.0,0.0,0.0,0.0,0.0,0.0,0.0,0.0,0.0
PRI,GDP per capita (current US$),29763.4883013861,30627.1634017011,31108.7527508912,31615.0667918433,32916.866800639,31427.4291136799,32619.250416757,35268.0791015719,36779.0594913858
PRI,GDP per capita (current LCU),29763.4883013861,30627.1634017011,31108.7527508912,31615.0667918433,32916.866800639,31427.4291136799,32619.250416757,35268.0791015719,36779.0594913858
PRI,GDP per capita (constant 2015 US$),29763.4883013861,29961.5430101514,29809.2349889347,29686.968854595,30181.1498485361,28145.0053474362,28416.7798983171,29819.888444393,30122.8412253197
PRI,GDP per capita growth (annual %),0.706860914000828,0.665428416050347,-0.508345051404973,-0.410161932653054,1.66463944622161,-6.74641129088297,0.965622665641604,4.93760570724984,1.01594203308866
PRI,GDP per capita (constant LCU),31061.0117608038,31267.7005593729,31108.7527508912,30981.1564893839,31496.8810412018,29371.9719023622,29655.5943203973,31119.8706380801,31436.0304845352
PRI,"GDP per capita, PPP (current international $)",32899.9421549518,32944.0235909988,32686.4615893529,34733.9955529873,37453.788413823,36858.9791794027,40559.6985749875,45559.2045428152,47699.5615398334
PRI,"GDP per capita, PPP (constant 2021 international $)",42481.875791841,42764.5622650312,42547.1707290019,42372.6584312506,43078.0104179099,40171.7906591883,40559.6985749875,42562.3765666695,42994.7856404917
PRI,Oil rents (% of GDP),0.0,0.0,0.0,0.0,0.0,0.0,0.0,0.0,0.0
PRI,Total natural resources rents (% of GDP),0.0,0.0,0.0,0.0,0.0,0.0,0.0,0.0,0.0
PRI,Gross domestic savings (current US$),32634700000.0,34753600000.0,31934200000.0,27748400000.0,27986400000.0,29948300000.0,18748700000.0,16949600000.0,15238500000.0
PRI,Gross domestic savings (current LCU),32634700000.0,34753600000.0,31934200000.0,27748400000.0,27986400000.0,29948300000.0,18748700000.0,16949600000.0,15238500000.0
PRI,Gross domestic savings (% of GDP),31.5690855183288,33.3090849145123,30.8705550265599,27.4850655866146,26.621666869597,29.0391143682446,17.6165545079895,14.9247317887559,12.9246842512826
PRI,"GNI, Atlas method (current US$)",67441325341.0202,67145096440.2585,66496785294.9332,67077351180.7199,70395647306.2346,69585297214.48,73657045570.3558,79714995365.5513,80926059471.5103
PRI,GNI (current US$),69602000000.0,69985200000.0,69049500000.0,67601100000.0,70765100000.0,70353300000.0,73357200000.0,78476700000.0,81550700000.0
PRI,GNI (current LCU),69602000000.0,69985200000.0,69049500000.0,67601100000.0,70765100000.0,70353300000.0,73357200000.0,78476700000.0,81550700000.0
PRI,GNI: linked series (current LCU),69602000000.0,69985200000.0,69049500000.0,67601099999.9999,70765099999.9999,70353300000.0002,73357200000.0003,78476700000.0001,81550700000.0
PRI,GNI (constant 2015 US$),69602000000.0,69078942130.3295,66106588150.6415,65882555701.4204,64779182969.4391,66158649488.5127,62326880167.9177,64760580455.6661,67209111973.8915
PRI,GNI growth (annual %),-0.105185431287296,-0.751498332907829,-4.30283656353645,-0.338895797663284,-1.67475702822115,2.12949045640842,-5.79178890473013,3.90473625695955,3.78089804167449
PRI,GNI (constant LCU),72700564981.6149,72154221447.7635,69049543225.174,68815537224.8782,67663044178.6964,69103922246.9972,65101568945.5623,67643613512.0292,70201149570.6234
PRI,"GNI, PPP (current international $)",76936606041.6484,75279386784.2397,72551408524.386,74270167519.7108,80518631938.3099,82512343294.8425,91214417323.8454,101375978454.857,105764875096.319
PRI,"GNI, PPP (constant 2021 international $)",101861441764.291,101095954727.556,96745961023.2829,96418093026.966,94803324237.5201,96822151979.516,91214417323.8454,94776099748.664,98359487448.0368
PRI,"GNI per capita, Atlas method (current US$)",19420.0,19710.0,20000.0,21010.0,22040.0,21200.0,22580.0,24760.0,25240.0
PRI,GNI per capita (current LCU),20039.5481787568,20543.5686206362,20764.9808166876,21169.3097602082,22157.7583826127,21438.9998406244,22483.6354508377,24370.7907144873,25439.3514533996
PRI,GNI per capita (constant 2015 US$),20039.5481787568,20277.544222141,19879.9706703849,20631.1469700573,20283.4657827078,20160.7497564457,19102.8945009284,20111.2757395986,20965.5615509703
PRI,GNI per capita growth (annual %),1.66772123306585,1.18763178321773,-1.96065927609709,3.77855838988457,-1.68522471316857,-0.605005217435234,-5.24710275310593,5.27868296933309,4.24779522906937
PRI,GNI per capita (constant LCU),20931.6754485778,21180.2666789651,20764.9938156219,21549.6112316011,21186.4518575344,21058.2727184069,19953.3235108428,21006.5962008256,21898.9133920342
PRI,"GNI per capita, PPP (current international $)",22150.0,22100.0,21820.0,23260.0,25210.0,25140.0,27960.0,31480.0,32990.0
PRI,"GNI per capita, PPP (constant 2021 international $)",29327.5663025939,29675.8698012478,29094.0271072271,30193.3619094425,29684.5359128082,29504.9429217643,27956.788249414,29432.5384695084,30682.7724344102
PRI,Net primary income (Net income from abroad) (current US$),-33773500000.0,-34351500000.0,-34396000000.0,-33357000000.0,-34361300000.0,-32777600000.0,-33069400000.0,-35090500000.0,-36351600000.0
PRI,Net primary income (Net income from abroad) (current LCU),-33773500000.0,-34351500000.0,-34396000000.0,-33357000000.0,-34361300000.0,-32777600000.0,-33069400000.0,-35090500000.0,-36351600000.0
PRI,DEC alternative conversion factor (LCU per US$),1.0,1.0,1.0,1.0,1.0,1.0,1.0,1.0,1.0
PRI,"PPP conversion factor, GDP (LCU per international $)",0.90466688850717,0.929672822662417,0.951732039451599,0.910205298541424,0.8788661493183,0.852639704445258,0.804228127002716,0.77411533970985,0.771056552808603
PRI,Price level ratio of PPP conversion factor (GDP) to market exchange rate,0.90466688850717,0.929672822662417,0.951732039451599,0.910205298541424,0.8788661493183,0.852639704445258,0.804228127002716,0.77411533970985,0.771056552808603
PRI,"PPP conversion factor, private consumption (LCU per international $)",1.02223210736016,1.02957312399888,1.04924631118774,1.01446086219047,0.975319383913718,0.937574854651656,0.896932303905487,0.896932303905487,0.896932303905487
PRI,Political Stability and Absence of Violence/Terrorism: Estimate,0.847117483615875,0.67782860994339,0.481970578432083,0.273784130811691,0.142660945653915,0.435354977846146,0.488091200590134,0.542631983757019,0.510210990905762
PRI,Political Stability and Absence of Violence/Terrorism: Number of Sources,5.0,4.0,5.0,3.0,4.0,4.0,4.0,4.0,5.0
PRI,Political Stability and Absence of Violence/Terrorism: Percentile Rank,73.8095245361328,69.523811340332,63.3333320617676,56.1320762634277,53.301887512207,60.3773574829102,60.3773574829102,64.1509399414062,61.1374397277832
PRI,"Political Stability and Absence of Violence/Terrorism: Percentile Rank, Lower Bound of 90% Confidence Interval",60.9523811340332,57.1428565979004,50.9523811340332,41.5094337463379,37.2641525268555,48.113208770752,50.4716987609863,50.4716987609863,49.7630348205566
PRI,"Political Stability and Absence of Violence/Terrorism: Percentile Rank, Upper Bound of 90% Confidence Interval",91.9047622680664,88.5714263916016,76.1904754638672,67.9245300292969,65.5660400390625,74.0566024780273,78.7735824584961,81.1320724487305,78.1990509033203
PRI,Political Stability and Absence of Violence/Terrorism: Standard Error,0.21929794549942,0.228173807263374,0.233241528272629,0.247735217213631,0.250092715024948,0.24740494787693,0.248941719532013,0.24822673201561,0.237763687968254
PRI,Rule of Law: Estimate,0.716797947883606,0.629271805286407,0.594243347644806,0.556610465049744,0.558815836906433,0.605160593986511,0.574521899223328,0.531026601791382,0.4935282766819
PRI,Rule of Law: Number of Sources,4.0,3.0,3.0,2.0,2.0,2.0,2.0,3.0,4.0
PRI,Rule of Law: Percentile Rank,73.3333358764648,73.3333358764648,71.4285736083984,70.9523773193359,70.9523773193359,70.9523773193359,69.0476226806641,67.4528274536133,66.5094375610352
PRI,"Rule of Law: Percentile Rank, Lower Bound of 90% Confidence Interval",63.3333320617676,58.0952377319336,59.523811340332,59.0476188659668,59.0476188659668,60.9523811340332,58.0952377319336,56.6037750244141,54.7169799804688
PRI,"Rule of Law: Percentile Rank, Upper Bound of 90% Confidence Interval",83.3333358764648,82.3809509277344,79.0476226806641,77.1428604125977,78.5714263916016,79.0476226806641,80.9523773193359,78.7735824584961,77.8301849365234
PRI,Rule of Law: Standard Error,0.241728931665421,0.250650644302368,0.21148818731308,0.209833040833473,0.208675384521484,0.182618722319603,0.201756492257118,0.213246241211891,0.200148716568947
PRI,Regulatory Quality: Estimate,0.971896648406982,0.939097106456757,0.859504818916321,0.937738716602325,0.722416639328003,0.784048199653625,0.826616287231445,0.848512649536133,0.637854039669037
PRI,Regulatory Quality: Number of Sources,3.0,2.0,3.0,2.0,2.0,2.0,2.0,2.0,3.0
PRI,Regulatory Quality: Percentile Rank,80.0,80.0,78.5714263916016,80.0,74.2857131958008,74.7619018554688,75.2380981445312,76.4150924682617,71.698112487793
PRI,"Regulatory Quality: Percentile Rank, Lower Bound of 90% Confidence Interval",66.6666641235352,65.7142868041992,65.2380981445312,63.8095245361328,60.476188659668,57.6190490722656,60.0,60.3773574829102,53.7735862731934
PRI,"Regulatory Quality: Percentile Rank, Upper Bound of 90% Confidence Interval",91.9047622680664,91.9047622680664,90.0,91.4285736083984,88.0952377319336,90.9523773193359,90.476188659668,91.5094375610352,86.3207550048828
PRI,Regulatory Quality: Standard Error,0.321536630392075,0.359746217727661,0.330090880393982,0.366042196750641,0.359159141778946,0.376031339168549,0.379181206226349,0.363235831260681,0.327765941619873
PRI,"Compulsory education, duration (years)",13.0,13.0,13.0,13.0,13.0,13.0,13.0,13.0,13.0
PRI,"Preprimary education, duration (years)",6.0,6.0,6.0,6.0,6.0,6.0,6.0,6.0,6.0
PRI,Primary school starting age (years),6.0,6.0,6.0,6.0,6.0,6.0,6.0,6.0,6.0
PRI,"Primary education, duration (years)",6.0,6.0,6.0,6.0,6.0,6.0,6.0,6.0,6.0
PRI,Lower secondary school starting age (years),12.0,12.0,12.0,12.0,12.0,12.0,12.0,12.0,12.0
PRI,"Secondary education, duration (years)",6.0,6.0,6.0,6.0,6.0,6.0,6.0,6.0,6.0
PRI,Women Business and the Law Index Score (scale 1-100),81.25,81.25,81.25,81.25,81.25,83.75,83.75,83.75,83.75
PRI,People using at least basic drinking water services (% of population),99.4254497570333,99.5729300319693,99.7204103069054,99.8678905818415,100.0,100.0,100.0,100.0,100.0
PRI,People using safely managed drinking water services (% of population),95.7325044803439,98.5772007316497,99.4461459442471,99.7411658091642,99.8731075904989,99.8731075904989,99.8731075904989,99.8731075904989,99.8731075904989
PRI,Number of maternal deaths,6.0,5.0,4.0,4.0,5.0,9.0,9.0,9.0,9.0
PRI,Lifetime risk of maternal death (1 in: rate varies by country),3900.0,4000.0,6100.0,5300.0,3400.0,2100.0,2100.0,2100.0,2100.0
PRI,Lifetime risk of maternal death (%),0.0254382730338465,0.0247603256480676,0.0162779445859496,0.0187225735887303,0.0291589991038079,0.0474948469196963,0.0474948469196963,0.0474948469196963,0.0474948469196963
PRI,People using at least basic sanitation services (% of population),100.0,100.0,100.0,100.0,100.0,100.0,100.0,100.0,100.0
PRI,"Maternal mortality ratio (modeled estimate, per 100,000 live births)",18.0,18.0,16.0,18.0,21.0,34.0,34.0,34.0,34.0
PRI,People practicing open defecation (% of population),0.0,0.0,0.0,0.0,0.0,0.0,0.0,0.0,0.0
PRI,People using safely managed sanitation services (% of population),32.5091608798098,32.5091608798098,32.5091608798098,32.5091608798098,32.5091608798098,32.5091608798098,32.5091608798098,32.5091608798098,32.5091608798098
PRI,Tuberculosis treatment success rate (% of new cases),63.0,78.0,69.0,72.0,83.0,74.0,82.0,82.0,82.0
PRI,"Tuberculosis case detection rate (%, all forms)",87.0,87.0,87.0,87.0,87.0,87.0,87.0,87.0,87.0
PRI,"Incidence of tuberculosis (per 100,000 people)",1.7,2.2,1.3,0.87,1.3,0.95,0.6,0.74,0.74
PRI,"Employment in agriculture, female (% of female employment) (modeled ILO estimate)",0.165146837079055,0.156609417476611,0.148270447140317,0.140372180288094,0.132935056582323,0.127510360216768,0.120251434818256,0.116614631307418,0.116614631307418
PRI,"Employment in agriculture, male (% of male employment) (modeled ILO estimate)",2.4154439675875,2.34906328817142,2.27717936193732,2.20495039649623,2.13364834908412,2.11584804874544,2.12325787533567,2.07307411492396,2.07307411492396
PRI,Employment in agriculture (% of total employment) (modeled ILO estimate),1.43850622131779,1.40341761355281,1.36950881529131,1.3359579825555,1.29907054067329,1.28337337273902,1.28609313633101,1.26082177345361,1.26082177345361
PRI,"Employment to population ratio, ages 15-24, female (%) (modeled ILO estimate)",14.537,13.708,13.025,12.465,11.752,11.046,11.529,11.968,11.854
PRI,"Employment to population ratio, ages 15-24, male (%) (modeled ILO estimate)",20.243,21.252,23.107,25.516,27.197,25.576,27.065,27.599,27.423
PRI,"Employment to population ratio, ages 15-24, total (%) (modeled ILO estimate)",17.384,17.46,18.024,18.94,19.444,18.312,19.33,19.859,19.763
PRI,"Employers, female (% of female employment) (modeled ILO estimate)",1.75939721404466,1.76134452253448,1.76356513177161,1.76070081096318,1.75601095185577,1.83743346413083,1.86480823540129,1.83782908627076,1.83782908627076
PRI,"Employers, male (% of male employment) (modeled ILO estimate)",5.43203755635778,5.34564468219722,5.25462478962649,5.14814691927403,5.07703625922037,5.14773772733805,5.1037997206713,5.06361362683112,5.06361362683112
PRI,"Employers, total (% of total employment) (modeled ILO estimate)",3.83770509209966,3.7996686306997,3.76610008523791,3.72235207767117,3.69186156345638,3.76168776176842,3.74995478541635,3.72423441346669,3.72423441346669
PRI,"Self-employed, female (% of female employment) (modeled ILO estimate)",10.3566812666044,10.4000927382327,10.439115727044,10.4772425882348,10.5211190097131,10.4129638590689,10.5465974309921,10.5968349957664,10.5968349957664
PRI,"Self-employed, male (% of male employment) (modeled ILO estimate)",21.5374074475759,21.4036109995328,21.2874002118303,21.1360695444441,21.0859617054927,21.3966579180782,21.2917807367867,21.1273359949047,21.1273359949047
PRI,"Self-employed, total (% of total employment) (modeled ILO estimate)",16.6834380366879,16.6575817884138,16.6622917102933,16.6497102029876,16.6794498809839,16.7980189615871,16.8007874000758,16.7549668874172,16.7549668874172
PRI,"Employment to population ratio, 15+, female (%) (modeled ILO estimate)",28.842,28.758,28.655,29.123,29.389,29.051,29.253,30.372,30.413
PRI,"Employment to population ratio, 15+, male (%) (modeled ILO estimate)",42.41,42.836,43.63,45.454,46.742,46.056,46.655,49.12,48.785
PRI,"Employment to population ratio, 15+, total (%) (modeled ILO estimate)",35.218,35.368,35.68,36.774,37.505,36.991,37.365,39.099,38.953
PRI,"Vulnerable employment, female (% of female employment) (modeled ILO estimate)",8.59705966827027,8.63874821569822,8.67555059527241,8.71654177727158,8.76510805785732,8.57530105975787,8.68178919559078,8.75900590949567,8.75900590949567
PRI,"Vulnerable employment, male (% of male employment) (modeled ILO estimate)",16.1051977406965,16.0579663173356,16.0329468059217,15.98792262517,16.0089254462723,16.2490853623287,16.1879810161154,16.0637223680735,16.0637223680735
PRI,"Vulnerable employment, total (% of total employment) (modeled ILO estimate)",12.8457329445882,12.8579131577141,12.896093311429,12.9273581253165,12.9875883175274,13.0362351820593,13.0508326146594,13.0307324739506,13.0307324739506
PRI,"Wage and salaried workers, female (% of female employment) (modeled ILO estimate)",89.6433187333956,89.5999072617673,89.560884272956,89.5225291643176,89.4788809902869,89.587036140931,89.4534025690079,89.4029462150566,89.4029462150566
PRI,"Wage and salaried workers, male (% of male employment) (modeled ILO estimate)",78.4625925524242,78.5963890004672,78.7124284044519,78.8639304555559,78.9140382945073,78.6035072535103,78.7082192632133,78.8726640050953,78.8726640050953
PRI,"Wage and salaried workers, total (% of total employment) (modeled ILO estimate)",83.3165619633121,83.3424182115862,83.3377082897067,83.3501937263966,83.3206445762648,83.2019810384129,83.1992125999242,83.2451239564313,83.2451239564313
PRI,"Contributing family workers, female (% of female employment) (modeled ILO estimate)",0.846153155740648,0.843508778310164,0.824826422116509,0.82397328591873,0.837241744778279,0.747403352421665,0.721053111050378,0.70121931208307,0.70121931208307
PRI,"Contributing family workers, male (% of male employment) (modeled ILO estimate)",0.147016545386624,0.147053499545737,0.144476474157049,0.144663061150005,0.14778516703613,0.133128300334803,0.130669571161765,0.128159321454647,0.128159321454647
PRI,"Contributing family workers, total (% of total employment) (modeled ILO estimate)",0.450635185197813,0.447446593660846,0.434546228541822,0.430588499770872,0.435353459024445,0.390312192143059,0.377422787769407,0.366100709490457,0.366100709490457
PRI,GDP per person employed (constant 2021 PPP $),144729.074936951,143920.799619601,140815.734372646,135119.838839948,133989.607719286,126189.876209187,125709.578389488,125755.291590872,127325.78467713
PRI,"Employment in industry, female (% of female employment) (modeled ILO estimate)",7.84985998420335,7.63544782565212,7.41167762361443,7.21421707701754,7.03808464815238,6.97798152934458,6.82814065773891,6.75752251887604,6.75752251887604
PRI,"Employment in industry, male (% of male employment) (modeled ILO estimate)",18.2298794774199,17.9463883970824,17.5920546372229,17.3056504860812,17.0605984002904,16.9875675345332,16.5566033107319,16.3680425022913,16.3680425022913
PRI,Employment in industry (% of total employment) (modeled ILO estimate),13.7236240576455,13.4991813805747,13.2515953843719,13.0581102333459,12.8802848830619,12.796766890004,12.4905525317311,12.3776560470208,12.3776560470208
PRI,"Employment in services, female (% of female employment) (modeled ILO estimate)",91.9849931787176,92.2079427568713,92.4400519292453,92.6451824952468,92.8287538300922,92.8945081104387,93.0516079074428,93.1256440606396,93.1256440606396
PRI,"Employment in services, male (% of male employment) (modeled ILO estimate)",79.3546765549926,79.7045483147462,80.1309373848514,80.4893991174226,80.8059152957648,80.8965844167213,81.3201388139324,81.5588833827847,81.5588833827847
PRI,Employment in services (% of total employment) (modeled ILO estimate),84.8378697210368,85.0974010058725,85.3788958003368,85.6059317840986,85.8206445762648,85.919859737257,86.2233543319379,86.3616130233741,86.3616130233741
PRI,"Labor force participation rate for ages 15-24, female (%) (modeled ILO estimate)",18.329,17.222,16.017,14.816,13.73,12.972,13.33,13.387,13.309
PRI,"Labor force participation rate for ages 15-24, male (%) (modeled ILO estimate)",28.994,30.154,31.569,32.974,34.139,32.387,33.14,32.473,32.421
PRI,"Labor force participation rate for ages 15-24, total (%) (modeled ILO estimate)",23.651,23.654,23.728,23.824,23.894,22.681,23.278,23.022,23.018
PRI,"Labor force participation rate, female (% of female population ages 15-64) (modeled ILO estimate)",40.419,40.562,40.402,40.821,41.183,41.212,41.62,42.882,42.882
PRI,"Labor force participation rate, male (% of male population ages 15-64) (modeled ILO estimate)",59.536,60.506,61.383,63.146,64.629,64.553,64.908,67.048,67.048
PRI,"Labor force participation rate, total (% of total population ages 15-64) (modeled ILO estimate)",49.557,50.089,50.417,51.473,52.369,52.35,52.737,54.424,54.424
PRI,"Labor force participation rate, female (% of female population ages 15+) (modeled ILO estimate)",31.921,31.768,31.371,31.436,31.479,31.238,31.258,31.91,32.009
PRI,Ratio of female to male labor force participation rate (%) (modeled ILO estimate),64.9368350387534,64.1622232994022,63.0382799156033,61.9026052025284,60.9798148076402,60.9058472576966,61.0102666198228,60.5319068214584,60.9741694605303
PRI,"Labor force participation rate, male (% of male population ages 15+) (modeled ILO estimate)",49.157,49.512,49.765,50.783,51.622,51.289,51.234,52.716,52.496
PRI,"Labor force participation rate, total (% of total population ages 15+) (modeled ILO estimate)",40.02,40.1,40.0,40.5,40.9,40.6,40.57,41.595,41.532
PRI,"Labor force, female (% of total labor force)",42.2826166707668,42.0237172058657,41.6355639679823,41.2542083039028,40.9673437966074,41.01750762699,41.1316449560845,41.0061288525263,41.2462136702965
PRI,"Labor force, total",1158495.0,1147690.0,1126376.0,1102879.0,1119726.0,1146586.0,1142991.0,1159434.0,1154152.0
PRI,"Unemployment, youth female (% of female labor force ages 15-24) (modeled ILO estimate)",20.686,20.396,18.667,15.855,14.393,14.902,13.552,10.514,10.519
PRI,"Unemployment, youth male (% of male labor force ages 15-24) (modeled ILO estimate)",30.178,29.517,26.797,22.605,20.327,21.021,18.323,14.973,14.895
PRI,"Unemployment, youth total (% of total labor force ages 15-24) (modeled ILO estimate)",26.492,26.179,24.03,20.489,18.615,19.271,16.963,13.689,13.65
PRI,"Share of youth not in education, employment or training, female (% of female youth population) (modeled ILO estimate)",21.011,21.43,20.574,19.523,19.144,20.708,19.395,18.259,18.107
PRI,"Share of youth not in education, employment or training, male (% of male youth population)  (modeled ILO estimate)",14.788,15.383,14.193,12.776,12.436,14.352,12.996,11.725,11.758
PRI,"Share of youth not in education, employment or training, total (% of youth population)  (modeled ILO estimate)",17.886,18.394,17.357,16.111,15.761,17.502,16.16,14.944,14.87
PRI,"Unemployment, female (% of female labor force) (modeled ILO estimate)",9.647,9.475,8.657,7.358,6.638,7.014,6.422,4.827,4.81
PRI,"Unemployment, male (% of male labor force) (modeled ILO estimate)",13.724,13.485,12.329,10.494,9.454,10.195,8.933,6.815,6.771
PRI,"Unemployment, total (% of total labor force) (national estimate)",12.0,11.8,10.8,9.2,8.3,8.100000000000001,7.9,6.0,6.0
PRI,"Unemployment, total (% of total labor force) (modeled ILO estimate)",12.0,11.8,10.8,9.2,8.3,8.89,7.9,6.0,5.962
PRI,Net migration,-64764.0,-65824.0,-62275.0,-17320.0,-16013.0,-7408.0,-7408.0,16702.0,19835.0
PRI,"Adolescent fertility rate (births per 1,000 women ages 15-19)",34.471,30.451,26.964,20.052,21.856,18.962,18.926,17.705,17.705
PRI,"Mortality rate, adult, female (per 1,000 female adults)",54.145,50.033,62.71,49.232,51.446,68.193,62.285,53.416,53.416
PRI,"Mortality rate, adult, male (per 1,000 male adults)",146.395,139.411,140.496,142.305,146.194,177.192,152.587,147.199,147.199
PRI,"Birth rate, crude (per 1,000 people)",9.0,8.3,7.3,6.7,6.4,6.0,5.9,5.9,5.9
PRI,"Death rate, crude (per 1,000 people)",8.084,8.86,9.222,9.063,9.194,10.131,10.2,11.0,11.0
PRI,"Life expectancy at birth, female (years)",83.762,84.464,83.145,84.236,83.456,82.588,84.522,83.897,83.897
PRI,"Life expectancy at birth, total (years)",79.695,80.27,79.258,79.77,79.063,78.041,80.162,79.72,79.72
PRI,"Life expectancy at birth, male (years)",75.66,76.139,75.425,75.475,74.832,73.644,75.865,75.578,75.578
PRI,"Fertility rate, total (births per woman)",1.3365,1.2425,1.101,1.035,0.982,0.922,0.907,0.9,0.9
PRI,"Survival to age 65, female (% of cohort)",90.627823,91.228419,89.036028,91.170157,90.650181,88.953491,89.894212,90.748919,90.748919
PRI,"Survival to age 65, male (% of cohort)",77.75933,78.656334,77.894267,78.088918,77.394538,75.615779,78.207448,77.63825,77.63825
PRI,"Population ages 00-04, female (% of female population)",4.68630248563666,4.46315302282644,4.21783787443133,3.95993708940092,3.75834737672843,3.65134179080449,3.59347920671345,3.58523920169589,3.66850745424732
PRI,"Population ages 00-04, male (% of male population)",5.41343804799089,5.16509592626796,4.89053777616927,4.60308452089746,4.38303757379039,4.27378892677676,4.22087991755446,4.22367066358698,4.33347450440652
PRI,"Population ages 0-14, female",282159.0,265779.0,248704.0,229650.0,222720.0,223447.0,217526.0,211269.0,208243.0
PRI,"Population ages 0-14, female (% of female population)",15.5313752179784,14.8981117087188,14.2635920651192,13.6942422115433,13.2575134328755,12.9235999414059,12.6353975527381,12.4187881106987,12.2823784580009
PRI,"Population ages 0-14, male",296283.0,278821.0,260641.0,240545.0,233257.0,234006.0,227837.0,221406.0,218501.0
PRI,"Population ages 0-14, male (% of male population)",17.8857930786409,17.1826360306034,16.4789914155786,15.8632322025581,15.4093001754599,15.0721779096316,14.7837592694337,14.5767057037512,14.4680709770395
PRI,"Population ages 0-14, total",578442.0,544601.0,509345.0,470196.0,455977.0,457453.0,445363.0,432676.0,426744.0
PRI,Population ages 0-14 (% of total population),16.6542953420247,15.9862943324728,15.3173352724922,14.7241907781503,14.2774128412868,13.9401347581562,13.6501764803891,13.4366639845505,13.3120766895459
PRI,"Population ages 05-09, female (% of female population)",5.17952124024906,4.99315626876602,4.80494064814991,4.642768938365,4.49801429568549,4.3622160759635,4.23860294492133,4.11344566547409,3.96392268982125
PRI,"Population ages 05-09, male (% of male population)",5.9424469057718,5.7362195815572,5.5323943169388,5.36864741883837,5.23374737426842,5.10181271731869,4.97293536672985,4.83939042049305,4.67557292288902
PRI,"Population ages 10-14, female (% of female population)",5.66555149209265,5.44180241712632,5.24081354253797,5.09153618377743,5.00115176046153,4.91004207463788,4.80331540110329,4.72010324352873,4.64994831393233
PRI,"Population ages 10-14, male (% of male population)",6.52990812487823,6.28132052277828,6.05605932247054,5.89150026282222,5.79251522740109,5.69657626553615,5.5899439851494,5.51364461967116,5.45902354974392
PRI,"Population ages 15-19, female (% of female population)",6.39443287359715,6.20110751347399,5.98747389450505,5.78799311689433,5.61100748153575,5.44281344589979,5.2916618768162,5.18269128642659,5.12079171747076
PRI,"Population ages 15-19, male (% of male population)",7.18433476716476,6.96769636293583,6.73754203449943,6.55456725377904,6.41615550930303,6.27596356734085,6.14180242330062,6.05508821068749,6.02225381300247
PRI,"Population ages 15-64, female",1184823.0,1160390.0,1130429.0,1082959.0,1079516.0,1104137.0,1091268.0,1070366.0,1059580.0
PRI,"Population ages 15-64, female (% of female population)",65.2183063559484,65.0450412362274,64.8319008652592,64.5777356945939,64.2587079152789,63.8602791342574,63.3883329428696,62.9180846404882,62.4950524907175
PRI,"Population ages 15-64, male",1084905.0,1061229.0,1032427.0,988315.0,985057.0,1007704.0,996640.0,978692.0,970350.0
PRI,"Population ages 15-64, male (% of male population)",65.4926634792644,65.399269773899,65.2750459104636,65.1764208023231,65.0743822462903,64.9055588361086,64.6692913129842,64.4340035570429,64.2518708965036
PRI,"Population ages 15-64, total",2269728.0,2221619.0,2162855.0,2071274.0,2064574.0,2111840.0,2087908.0,2049059.0,2029930.0
PRI,Population ages 15-64 (% of total population),65.3491587165656,65.2137701641007,65.042680506938,64.8620223308204,64.645319539559,64.3548216762959,63.9933937904394,63.6331338605531,63.3227045002414
PRI,"Population ages 20-24, female (% of female population)",6.62733489676435,6.45616549118409,6.28424022635479,6.17201969929009,6.11226864480804,6.04676796874207,5.96626684147802,5.8872963610148,5.8111378039003
PRI,"Population ages 20-24, male (% of male population)",7.03913310651819,6.79990948621194,6.5666405094383,6.4666637693306,6.49121531207162,6.52330793453079,6.54291166688882,6.58535289652603,6.64883201825046
PRI,"Population ages 25-29, female (% of female population)",6.10645543948265,6.14011055108377,6.14867435213193,6.17325312796077,6.19217022269101,6.17001866599757,6.13870145820025,6.13562789263022,6.1683153531543
PRI,"Population ages 25-29, male (% of male population)",6.1999670268731,6.1685758144712,6.10686450815927,6.09712652994413,6.12975574969942,6.14755898857894,6.18175729932347,6.28524980942085,6.46695897000023
PRI,"Population ages 30-34, female (% of female population)",6.01387955021292,5.79966238890584,5.63323510991855,5.56821333841238,5.62194776261149,5.7496203710284,5.89307307589888,6.0326171565254,6.16013837077975
PRI,"Population ages 30-34, male (% of male population)",6.0826126706734,5.85975867067047,5.67069558763051,5.57798523690957,5.60770088588507,5.70746238957206,5.82541442211725,5.95692243110877,6.09706037553676
PRI,"Population ages 35-39, female (% of female population)",6.5166920860871,6.51018104109827,6.4472535163992,6.32324379119257,6.1418564762134,5.92775229191474,5.7315520425135,5.60267827913873,5.56982983467707
PRI,"Population ages 35-39, male (% of male population)",6.55484779904378,6.54772461791561,6.48407817940694,6.37390671825617,6.21186342127258,6.00862361920661,5.81306059551946,5.67174627861417,5.61879317938633
PRI,"Population ages 40-44, female (% of female population)",6.46916050314053,6.46946077072012,6.50223332456187,6.546867277625,6.58111309133085,6.59763970128602,6.57215988545103,6.48568980091866,6.3404669288907
PRI,"Population ages 40-44, male (% of male population)",6.42241573117909,6.41271841038218,6.43836288017626,6.4884889578187,6.54923208664009,6.59834789338963,6.59697591328914,6.53245679418332,6.41344200359189
PRI,"Population ages 45-49, female (% of female population)",6.63433207056212,6.62975511374557,6.64233127982853,6.64528341178992,6.62565360241229,6.58957575827896,6.55702638322393,6.54799092690748,6.55257553197504
PRI,"Population ages 45-49, male (% of male population)",6.58955950900016,6.64371204383803,6.70313065488727,6.71600385874408,6.67186500383949,6.60632674394415,6.54960874130762,6.51678025368619,6.50361353458404
PRI,"Population ages 50-54, female (% of female population)",7.02789576397658,7.09072303791018,7.11097678526462,7.04827037444887,6.93732171527442,6.84454719364631,6.77189301195983,6.70087748269696,6.62834310270087
PRI,"Population ages 50-54, male (% of male population)",6.8010371547189,6.94182654377993,7.05420791530429,7.07202724595623,7.01525639345817,6.95749307745881,6.90133518857466,6.8165900167488,6.69382012504871
PRI,"Population ages 55-59, female (% of female population)",6.91241506360322,7.03462140857089,7.16102795529216,7.26085037162058,7.30885827919482,7.31724509020448,7.27889443945653,7.17132227665366,6.99827906417046
PRI,"Population ages 55-59, male (% of male population)",6.56351073874792,6.75982044021503,6.95534545808822,7.09385243444433,7.16050656236675,7.1938221084581,7.189959589983,7.11082662300267,6.9520948278977
PRI,"Population ages 60-64, female (% of female population)",6.51570810852179,6.71325391953463,6.91445442100257,7.05174118535937,7.12651063920685,7.17429864725906,7.1871039278714,7.17129317757567,7.14517478299825
PRI,"Population ages 60-64, male (% of male population)",6.05524497534509,6.29752738347879,6.55817818287306,6.73579879714026,6.82083132175411,6.88665251362865,6.92646547268016,6.9029902430646,6.83500204920501
PRI,"Population ages 65-69, female (% of female population)",6.13050822441248,6.26839052853187,6.38083020360091,6.47415235483047,6.55614384824243,6.6513606453475,6.75306344284265,6.81899064028156,6.83430447080861
PRI,"Population ages 65-69, male (% of male population)",5.65860823428905,5.79590975530698,5.91316778607738,5.99808839264783,6.06148752959705,6.14607304879955,6.24898812407143,6.31412593183345,6.31187695785344
PRI,"Population ages 65 and above, female",349721.0,357810.0,364497.0,364376.0,377717.0,401404.0,412766.0,419571.0,427639.0
PRI,"Population ages 65 and above, female (% of female population)",19.2503184260732,20.0568470550539,20.9045070696215,21.7280220938628,22.4837786518456,23.2161209243367,23.9762695043924,24.6631272488131,25.2225690512816
PRI,"Population ages 65 and above, male",275341.0,282642.0,288588.0,287509.0,295426.0,310860.0,316656.0,318808.0,321377.0
PRI,"Population ages 65 and above, male (% of male population)",16.6215434420947,17.4180941954976,18.2459626739578,18.9603469951188,19.5163175782498,20.0222632542598,20.5469494175821,20.9892907392059,21.2800581264569
PRI,"Population ages 65 and above, total",625062.0,640452.0,653086.0,651884.0,673143.0,712263.0,729422.0,738378.0,749017.0
PRI,Population ages 65 and above (% of total population),17.9965459414097,18.7999355034265,19.6399842205698,20.4137868910293,21.0772676191542,21.7050435655479,22.3564297291715,22.9302021548964,23.3652188102128
PRI,"Population ages 70-74, female (% of female population)",4.87935341740875,5.19005435210406,5.50469396131359,5.75798924737043,5.93407773430532,6.0562532542216,6.11728173197112,6.12643258398358,6.13093900464087
PRI,"Population ages 70-74, male (% of male population)",4.38419687954317,4.67895126321776,4.98046951236077,5.21117614608411,5.34411059259442,5.41670273839319,5.44342109968563,5.42297489895801,5.39118330765452
PRI,"Population ages 75-79, female (% of female population)",3.4688215775347,3.63623113871288,3.84125026519756,4.06845012803277,4.29722116860676,4.54078310168835,4.80392656177015,5.04610021431471,5.23289176661964
PRI,"Population ages 75-79, male (% of male population)",3.07858095652044,3.24149445603048,3.42933442084118,3.60972121811199,3.76990502356071,3.94242435597432,4.13732903766942,4.31117900295247,4.42778025360662
PRI,"Population ages 80 and above, female (% of female population)",4.77163520671729,4.96217103570506,5.17773263950949,5.42743036362911,5.69633590069111,5.96772392307926,6.30199776780842,6.67160381023327,7.02443380921244
PRI,"Population ages 80 and above, male (% of male population)",3.50015737174203,3.70173872094232,3.92299095467846,4.14136123827491,4.34081443249759,4.51706311109273,4.71721115615562,4.94101090546199,5.14921760734237
PRI,Sex ratio at birth (male births per female births),1.056,1.055,1.054,1.054,1.053,1.053,1.053,1.052,1.052
PRI,Age dependency ratio (% of working-age population),53.0241509114749,53.341864649159,53.7452117687039,54.1734217684382,54.6902169648557,55.3884763997272,56.2661285842097,57.1508189856905,57.9212583685152
PRI,"Age dependency ratio, old (% of working-age population)",27.5390707609017,28.8281654054993,30.195551712898,31.472610576872,32.6044501190076,33.7271289491628,34.9355431369581,36.0349799590934,36.8986615302005
PRI,"Age dependency ratio, young (% of working-age population)",25.4850801505731,24.5136992436597,23.5496600558059,22.7008111915662,22.0857668458481,21.6613474505644,21.3305854472515,21.1158390265971,21.0225968383146
PRI,Population growth (annual %),-1.75920825815177,-1.93497109034618,-2.4180176217623,-4.0483910336329,0.0106465459574109,2.71397643163413,-0.576507689869367,-1.3136475878955,-0.448878435008411
PRI,"Population, total",3473232.0,3406672.0,3325286.0,3193354.0,3193694.0,3281557.0,3262693.0,3220113.0,3205691.0
PRI,"Population, female",1816703.0,1783979.0,1743631.0,1676985.0,1679953.0,1728988.0,1721560.0,1701206.0,1695462.0
PRI,"Population, female (% of total population)",52.3058271512452,52.3672052063366,52.435533660804,52.5148458892606,52.6021998325482,52.6880415605502,52.7649946499232,52.8306266712622,52.8891388988913
PRI,"Population, male",1656529.0,1622693.0,1581656.0,1516369.0,1513740.0,1552570.0,1541133.0,1518906.0,1510228.0
PRI,"Population, male (% of total population)",47.6941728487548,47.6327947936634,47.5644960444486,47.4851541107394,47.3977697989636,47.31198900587,47.2350053500768,47.1693425822783,47.1108304292163
PRI,Rural population,221453.0,217959.0,213251.0,205077.0,205163.0,210643.0,209073.0,205765.0,204074.0
PRI,Rural population growth (annual %),-1.3349021456661,-1.59034056469608,-2.18370960140111,-3.90843573217435,0.041926677681261,2.63599722481534,-0.748128411918579,-1.59487323670689,-0.825206774337283
PRI,Rural population (% of total population),6.376,6.398,6.413,6.422,6.42400000000001,6.419,6.408,6.39,6.366
PRI,Urban population growth (annual %),-1.7880390243471,-1.95848440829816,-2.43405340742061,-4.05798859157931,0.00849952015032448,2.71932748338036,-0.56474650852934,-1.2944217353424,-0.423241126054366
PRI,Urban population,3251779.0,3188713.0,3112035.0,2988277.0,2988531.0,3070914.0,3053620.0,3014348.0,3001617.0
PRI,Urban population (% of total population),93.624,93.602,93.587,93.578,93.576,93.581,93.592,93.61,93.634
PRI,"International tourism, number of arrivals",5051000.0,5003000.0,4927000.0,4260000.0,4931000.0,3882000.0,3882000.0,3882000.0,3882000.0
PRI,"International tourism, receipts (current US$)",3825000000.0,3974000000.0,3868000000.0,3303000000.0,3612000000.0,2921000000.0,2921000000.0,2921000000.0,2921000000.0
PRI,Voice and Accountability: Estimate,0.404152929782867,0.411561161279678,0.492217898368835,0.472060233354568,0.468565702438354,0.495715707540512,0.500617504119873,0.445555508136749,0.453455924987793
PRI,Voice and Accountability: Number of Sources,3.0,2.0,2.0,1.0,1.0,1.0,1.0,2.0,3.0
PRI,Voice and Accountability: Percentile Rank,59.1133003234863,60.5911331176758,63.0541877746582,63.5922317504883,61.835750579834,61.835750579834,61.835750579834,60.386474609375,61.764705657959
PRI,"Voice and Accountability: Percentile Rank, Lower Bound of 90% Confidence Interval",45.8128089904785,44.3349761962891,47.290641784668,50.0,47.3429946899414,50.2415466308594,50.7246360778809,50.7246360778809,51.470588684082
PRI,"Voice and Accountability: Percentile Rank, Upper Bound of 90% Confidence Interval",73.8916244506836,74.8768463134766,76.8472900390625,76.6990280151367,77.2946853637695,76.8115921020508,76.328498840332,71.4975814819336,72.0588226318359
PRI,Voice and Accountability: Standard Error,0.271774232387543,0.289132744073868,0.277420461177826,0.247892528772354,0.266956448554993,0.262387484312057,0.249825119972229,0.223919913172722,0.19879874587059
PRI,"Internally displaced persons, new displacement associated with disasters (number of cases)",88000.0,88000.0,88000.0,400.0,240.0,11000.0,30000.0,49000.0,49000.0
PRI,"Intentional homicides, female (per 100,000 female)",2.02262055091811,3.11521194149743,2.09608748276039,2.86843876901524,2.36702651242891,2.84268494493748,2.84268494493748,2.84268494493748,2.84268494493748
PRI,"Intentional homicides, male (per 100,000 male)",34.5918076767435,39.6303612600987,43.1547428530031,38.9554236386459,37.9303484754659,32.6906751464297,32.6906751464297,32.6906751464297,32.6906751464297
PRI,"Intentional homicides (per 100,000 people)",17.5562249541437,20.5083955516008,21.6254238939546,20.0044045842624,19.2232559488461,16.9949270448435,16.9949270448435,16.9949270448435,16.9949270448435
